Images,Class
f4075.jpg,fog
f4076.jpg,fog
f4077.jpg,fog
f4078.jpg,fog
f4079.jpg,fog
f4080.jpg,fog
f4081.jpg,fog
f4082.jpg,fog
f4083.jpg,fog
f4084.jpg,fog
f4085.jpg,fog
f4086.jpg,fog
f4087.jpg,fog
f4088.jpg,fog
f4089.jpg,fog
f4090.jpg,fog
f4091.jpg,fog
f4092.jpg,fog
f4093.jpg,fog
f4094.jpg,fog
f4095.jpg,fog
f4096.jpg,fog
f4097.jpg,fog
f4098.jpg,fog
f4099.jpg,fog
f4100.jpg,fog
f4101.jpg,fog
f4102.jpg,fog
f4103.jpg,fog
f4104.jpg,fog
f4105.jpg,fog
f4106.jpg,fog
f4107.jpg,fog
f4108.jpg,fog
f4109.jpg,fog
f4110.jpg,fog
f4111.jpg,fog
f4112.jpg,fog
f4113.jpg,fog
f4114.jpg,fog
f4115.jpg,fog
f4116.jpg,fog
f4117.jpg,fog
f4118.jpg,fog
f4119.jpg,fog
f4120.jpg,fog
f4121.jpg,fog
f4122.jpg,fog
f4123.jpg,fog
f4124.jpg,fog
f4125.jpg,fog
f4126.jpg,fog
f4127.jpg,fog
f4128.jpg,fog
f4129.jpg,fog
f4130.jpg,fog
f4131.jpg,fog
f4132.jpg,fog
f4133.jpg,fog
f4134.jpg,fog
f4135.jpg,fog
f4136.jpg,fog
f4137.jpg,fog
f4138.jpg,fog
f4139.jpg,fog
f4140.jpg,fog
f4141.jpg,fog
f4142.jpg,fog
f4143.jpg,fog
f4144.jpg,fog
f4145.jpg,fog
f4146.jpg,fog
f4147.jpg,fog
f4148.jpg,fog
f4149.jpg,fog
f4150.jpg,fog
f4151.jpg,fog
f4152.jpg,fog
f4153.jpg,fog
f4154.jpg,fog
f4155.jpg,fog
f4156.jpg,fog
f4157.jpg,fog
f4158.jpg,fog
f4159.jpg,fog
f4160.jpg,fog
f4161.jpg,fog
f4162.jpg,fog
f4163.jpg,fog
f4164.jpg,fog
f4165.jpg,fog
f4166.jpg,fog
f4167.jpg,fog
f4168.jpg,fog
f4169.jpg,fog
f4170.jpg,fog
f4171.jpg,fog
f4172.jpg,fog
f4173.jpg,fog
f4174.jpg,fog
f4175.jpg,fog
f4176.jpg,fog
f4177.jpg,fog
f4178.jpg,fog
f4179.jpg,fog
f4180.jpg,fog
f4181.jpg,fog
f4182.jpg,fog
f4183.jpg,fog
f4184.jpg,fog
f4185.jpg,fog
f4186.jpg,fog
f4187.jpg,fog
f4188.jpg,fog
f4189.jpg,fog
f4190.jpg,fog
f4191.jpg,fog
f4192.jpg,fog
f4193.jpg,fog
f4194.jpg,fog
f4195.jpg,fog
f4196.jpg,fog
f4197.jpg,fog
f4198.jpg,fog
f4199.jpg,fog
f4200.jpg,fog
f4201.jpg,fog
f4202.jpg,fog
f4203.jpg,fog
f4204.jpg,fog
f4205.jpg,fog
f4206.jpg,fog
f4207.jpg,fog
f4208.jpg,fog
f4209.jpg,fog
f4210.jpg,fog
f4211.jpg,fog
f4212.jpg,fog
f4213.jpg,fog
f4214.jpg,fog
f4215.jpg,fog
f4216.jpg,fog
f4217.jpg,fog
f4218.jpg,fog
f4219.jpg,fog
f4220.jpg,fog
f4221.jpg,fog
f4222.jpg,fog
f4223.jpg,fog
f4224.jpg,fog
f4225.jpg,fog
f4226.jpg,fog
f4227.jpg,fog
f4228.jpg,fog
f4229.jpg,fog
f4230.jpg,fog
f4231.jpg,fog
f4232.jpg,fog
f4233.jpg,fog
f4234.jpg,fog
f4235.jpg,fog
f4236.jpg,fog
f4237.jpg,fog
f4238.jpg,fog
f4239.jpg,fog
f4240.jpg,fog
f4241.jpg,fog
f4242.jpg,fog
f4243.jpg,fog
f4244.jpg,fog
f4245.jpg,fog
f4246.jpg,fog
f4247.jpg,fog
f4248.jpg,fog
f4249.jpg,fog
f4250.jpg,fog
f4251.jpg,fog
f4252.jpg,fog
f4253.jpg,fog
f4254.jpg,fog
f4255.jpg,fog
f4256.jpg,fog
f4257.jpg,fog
f4258.jpg,fog
f4259.jpg,fog
f4260.jpg,fog
f4261.jpg,fog
f4262.jpg,fog
f4263.jpg,fog
f4264.jpg,fog
f4265.jpg,fog
f4266.jpg,fog
f4267.jpg,fog
f4268.jpg,fog
f4269.jpg,fog
f4270.jpg,fog
f4271.jpg,fog
f4272.jpg,fog
f4273.jpg,fog
f4274.jpg,fog
f4275.jpg,fog
f4276.jpg,fog
f4277.jpg,fog
f4278.jpg,fog
f4279.jpg,fog
f4280.jpg,fog
f4281.jpg,fog
f4282.jpg,fog
f4283.jpg,fog
f4284.jpg,fog
f4285.jpg,fog
f4286.jpg,fog
f4287.jpg,fog
f4288.jpg,fog
f4289.jpg,fog
f4290.jpg,fog
f4291.jpg,fog
f4292.jpg,fog
f4293.jpg,fog
f4294.jpg,fog
f4295.jpg,fog
f4296.jpg,fog
f4297.jpg,fog
f4298.jpg,fog
f4299.jpg,fog
f4300.jpg,fog
f4301.jpg,fog
f4302.jpg,fog
f4303.jpg,fog
f4304.jpg,fog
f4305.jpg,fog
f4306.jpg,fog
f4307.jpg,fog
f4308.jpg,fog
f4309.jpg,fog
f4310.jpg,fog
f4311.jpg,fog
f4312.jpg,fog
f4313.jpg,fog
f4314.jpg,fog
f4315.jpg,fog
f4316.jpg,fog
f4317.jpg,fog
f4318.jpg,fog
f4319.jpg,fog
f4320.jpg,fog
f4321.jpg,fog
f4322.jpg,fog
f4323.jpg,fog
f4324.jpg,fog
f4325.jpg,fog
f4326.jpg,fog
f4327.jpg,fog
f4328.jpg,fog
f4329.jpg,fog
f4330.jpg,fog
f4331.jpg,fog
f4332.jpg,fog
f4333.jpg,fog
f4334.jpg,fog
f4335.jpg,fog
f4336.jpg,fog
f4337.jpg,fog
f4338.jpg,fog
f4339.jpg,fog
f4340.jpg,fog
f4341.jpg,fog
f4342.jpg,fog
f4343.jpg,fog
f4344.jpg,fog
f4345.jpg,fog
f4346.jpg,fog
f4347.jpg,fog
f4348.jpg,fog
f4349.jpg,fog
f4350.jpg,fog
f4351.jpg,fog
f4352.jpg,fog
f4353.jpg,fog
f4354.jpg,fog
f4355.jpg,fog
f4356.jpg,fog
f4357.jpg,fog
f4358.jpg,fog
f4359.jpg,fog
f4360.jpg,fog
f4361.jpg,fog
f4362.jpg,fog
f4363.jpg,fog
f4364.jpg,fog
f4365.jpg,fog
f4366.jpg,fog
f4367.jpg,fog
f4368.jpg,fog
f4369.jpg,fog
f4370.jpg,fog
f4371.jpg,fog
f4372.jpg,fog
f4373.jpg,fog
f4374.jpg,fog
f4375.jpg,fog
f4376.jpg,fog
f4377.jpg,fog
f4378.jpg,fog
f4379.jpg,fog
f4380.jpg,fog
f4381.jpg,fog
f4382.jpg,fog
f4383.jpg,fog
f4384.jpg,fog
f4385.jpg,fog
f4386.jpg,fog
f4387.jpg,fog
f4388.jpg,fog
f4389.jpg,fog
f4390.jpg,fog
f4391.jpg,fog
f4392.jpg,fog
f4393.jpg,fog
f4394.jpg,fog
f4395.jpg,fog
f4396.jpg,fog
f4397.jpg,fog
f4398.jpg,fog
f4399.jpg,fog
f4400.jpg,fog
f4401.jpg,fog
f4402.jpg,fog
f4403.jpg,fog
f4404.jpg,fog
f4405.jpg,fog
f4406.jpg,fog
f4407.jpg,fog
f4408.jpg,fog
f4409.jpg,fog
f4410.jpg,fog
f4411.jpg,fog
f4412.jpg,fog
f4413.jpg,fog
f4414.jpg,fog
f4415.jpg,fog
f4416.jpg,fog
f4417.jpg,fog
f4418.jpg,fog
f4419.jpg,fog
f4420.jpg,fog
f4421.jpg,fog
f4422.jpg,fog
f4423.jpg,fog
f4424.jpg,fog
f4425.jpg,fog
f4426.jpg,fog
f4427.jpg,fog
f4428.jpg,fog
f4429.jpg,fog
f4430.jpg,fog
f4431.jpg,fog
f4432.jpg,fog
f4433.jpg,fog
f4434.jpg,fog
f4435.jpg,fog
f4436.jpg,fog
f4437.jpg,fog
f4438.jpg,fog
f4439.jpg,fog
f4440.jpg,fog
f4441.jpg,fog
f4442.jpg,fog
f4443.jpg,fog
f4444.jpg,fog
f4445.jpg,fog
f4446.jpg,fog
f4447.jpg,fog
f4448.jpg,fog
f4449.jpg,fog
f4450.jpg,fog
f4451.jpg,fog
f4452.jpg,fog
f4453.jpg,fog
f4454.jpg,fog
f4455.jpg,fog
f4456.jpg,fog
f4457.jpg,fog
f4458.jpg,fog
f4459.jpg,fog
f4460.jpg,fog
f4461.jpg,fog
f4462.jpg,fog
f4463.jpg,fog
f4464.jpg,fog
f4465.jpg,fog
f4466.jpg,fog
f4467.jpg,fog
f4468.jpg,fog
f4469.jpg,fog
f4470.jpg,fog
f4471.jpg,fog
f4472.jpg,fog
f4473.jpg,fog
f4474.jpg,fog
f4475.jpg,fog
f4476.jpg,fog
f4477.jpg,fog
f4478.jpg,fog
f4479.jpg,fog
f4480.jpg,fog
f4481.jpg,fog
f4482.jpg,fog
f4483.jpg,fog
f4484.jpg,fog
f4485.jpg,fog
f4486.jpg,fog
f4487.jpg,fog
f4488.jpg,fog
f4489.jpg,fog
f4490.jpg,fog
f4491.jpg,fog
f4492.jpg,fog
f4493.jpg,fog
f4494.jpg,fog
f4495.jpg,fog
f4496.jpg,fog
f4497.jpg,fog
f4498.jpg,fog
f4499.jpg,fog
f4500.jpg,fog
f4501.jpg,fog
f4502.jpg,fog
f4503.jpg,fog
f4504.jpg,fog
f4505.jpg,fog
f4506.jpg,fog
f4507.jpg,fog
f4508.jpg,fog
f4509.jpg,fog
f4510.jpg,fog
f4511.jpg,fog
f4512.jpg,fog
f4513.jpg,fog
f4514.jpg,fog
f4515.jpg,fog
f4516.jpg,fog
f4517.jpg,fog
f4518.jpg,fog
f4519.jpg,fog
f4520.jpg,fog
f4521.jpg,fog
f4522.jpg,fog
f4523.jpg,fog
f4524.jpg,fog
f4525.jpg,fog
f4526.jpg,fog
f4527.jpg,fog
f4528.jpg,fog
f4529.jpg,fog
f4530.jpg,fog
f4531.jpg,fog
f4532.jpg,fog
f4533.jpg,fog
f4534.jpg,fog
f4535.jpg,fog
f4536.jpg,fog
f4537.jpg,fog
f4538.jpg,fog
f4539.jpg,fog
f4540.jpg,fog
f4541.jpg,fog
f4542.jpg,fog
f4543.jpg,fog
f4544.jpg,fog
f4545.jpg,fog
f4546.jpg,fog
f4547.jpg,fog
f4548.jpg,fog
f4549.jpg,fog
f4550.jpg,fog
f4551.jpg,fog
f4552.jpg,fog
f4553.jpg,fog
f4554.jpg,fog
f4555.jpg,fog
f4556.jpg,fog
f4557.jpg,fog
f4558.jpg,fog
f4559.jpg,fog
f4560.jpg,fog
f4561.jpg,fog
f4562.jpg,fog
f4563.jpg,fog
f4564.jpg,fog
f4565.jpg,fog
f4566.jpg,fog
f4567.jpg,fog
f4568.jpg,fog
f4569.jpg,fog
f4570.jpg,fog
f4571.jpg,fog
f4572.jpg,fog
f4573.jpg,fog
f4574.jpg,fog
f4575.jpg,fog
f4576.jpg,fog
f4577.jpg,fog
f4578.jpg,fog
f4579.jpg,fog
f4580.jpg,fog
f4581.jpg,fog
f4582.jpg,fog
f4583.jpg,fog
f4584.jpg,fog
f4585.jpg,fog
f4586.jpg,fog
f4587.jpg,fog
f4588.jpg,fog
f4589.jpg,fog
f4590.jpg,fog
f4591.jpg,fog
f4592.jpg,fog
f4593.jpg,fog
f4594.jpg,fog
f4595.jpg,fog
f4596.jpg,fog
f4597.jpg,fog
f4598.jpg,fog
f4599.jpg,fog
f4600.jpg,fog
f4601.jpg,fog
f4602.jpg,fog
f4603.jpg,fog
f4604.jpg,fog
f4605.jpg,fog
f4606.jpg,fog
f4607.jpg,fog
f4608.jpg,fog
f4609.jpg,fog
f4610.jpg,fog
f4611.jpg,fog
f4612.jpg,fog
f4613.jpg,fog
f4614.jpg,fog
f4615.jpg,fog
f4616.jpg,fog
f4617.jpg,fog
f4618.jpg,fog
f4619.jpg,fog
f4620.jpg,fog
f4621.jpg,fog
f4622.jpg,fog
f4623.jpg,fog
f4624.jpg,fog
f4625.jpg,fog
f4626.jpg,fog
f4627.jpg,fog
f4628.jpg,fog
f4629.jpg,fog
f4630.jpg,fog
f4631.jpg,fog
f4632.jpg,fog
f4633.jpg,fog
f4634.jpg,fog
f4635.jpg,fog
f4636.jpg,fog
f4637.jpg,fog
f4638.jpg,fog
f4639.jpg,fog
f4640.jpg,fog
f4641.jpg,fog
f4642.jpg,fog
f4643.jpg,fog
f4644.jpg,fog
f4645.jpg,fog
f4646.jpg,fog
f4647.jpg,fog
f4648.jpg,fog
f4649.jpg,fog
f4650.jpg,fog
f4651.jpg,fog
f4652.jpg,fog
f4653.jpg,fog
f4654.jpg,fog
f4655.jpg,fog
f4656.jpg,fog
f4657.jpg,fog
f4658.jpg,fog
f4659.jpg,fog
f4660.jpg,fog
f4661.jpg,fog
f4662.jpg,fog
f4663.jpg,fog
f4664.jpg,fog
f4665.jpg,fog
f4666.jpg,fog
f4667.jpg,fog
f4668.jpg,fog
f4669.jpg,fog
f4670.jpg,fog
f4671.jpg,fog
f4672.jpg,fog
f4673.jpg,fog
f4674.jpg,fog
f4675.jpg,fog
f4676.jpg,fog
f4677.jpg,fog
f4678.jpg,fog
f4679.jpg,fog
f4680.jpg,fog
f4681.jpg,fog
f4682.jpg,fog
f4683.jpg,fog
f4684.jpg,fog
f4685.jpg,fog
f4686.jpg,fog
f4687.jpg,fog
f4688.jpg,fog
f4689.jpg,fog
f4690.jpg,fog
f4691.jpg,fog
f4692.jpg,fog
f4693.jpg,fog
f4694.jpg,fog
f4695.jpg,fog
f4696.jpg,fog
f4697.jpg,fog
f4698.jpg,fog
f4699.jpg,fog
f4700.jpg,fog
f4701.jpg,fog
f4702.jpg,fog
f4703.jpg,fog
f4704.jpg,fog
f4705.jpg,fog
f4706.jpg,fog
f4707.jpg,fog
f4708.jpg,fog
f4709.jpg,fog
f4710.jpg,fog
f4711.jpg,fog
f4712.jpg,fog
f4713.jpg,fog
f4714.jpg,fog
f4715.jpg,fog
f4716.jpg,fog
f4717.jpg,fog
f4718.jpg,fog
f4719.jpg,fog
f4720.jpg,fog
f4721.jpg,fog
f4722.jpg,fog
f4723.jpg,fog
f4724.jpg,fog
f4725.jpg,fog
f4726.jpg,fog
f4727.jpg,fog
f4728.jpg,fog
f4729.jpg,fog
f4730.jpg,fog
f4731.jpg,fog
f4732.jpg,fog
f4733.jpg,fog
f4734.jpg,fog
f4735.jpg,fog
f4736.jpg,fog
f4737.jpg,fog
f4738.jpg,fog
f4739.jpg,fog
f4740.jpg,fog
f4741.jpg,fog
f4742.jpg,fog
f4743.jpg,fog
f4744.jpg,fog
f4745.jpg,fog
f4746.jpg,fog
f4747.jpg,fog
f4748.jpg,fog
f4749.jpg,fog
f4750.jpg,fog
f4751.jpg,fog
f4752.jpg,fog
f4753.jpg,fog
f4754.jpg,fog
f4755.jpg,fog
f4756.jpg,fog
f4757.jpg,fog
f4758.jpg,fog
f4759.jpg,fog
f4760.jpg,fog
f4761.jpg,fog
f4762.jpg,fog
f4763.jpg,fog
f4764.jpg,fog
f4765.jpg,fog
f4766.jpg,fog
f4767.jpg,fog
f4768.jpg,fog
f4769.jpg,fog
f4770.jpg,fog
f4771.jpg,fog
f4772.jpg,fog
f4773.jpg,fog
f4774.jpg,fog
f4775.jpg,fog
f4776.jpg,fog
f4777.jpg,fog
f4778.jpg,fog
f4779.jpg,fog
f4780.jpg,fog
f4781.jpg,fog
f4782.jpg,fog
f4783.jpg,fog
f4784.jpg,fog
f4785.jpg,fog
f4786.jpg,fog
f4787.jpg,fog
f4788.jpg,fog
f4789.jpg,fog
f4790.jpg,fog
f4791.jpg,fog
f4792.jpg,fog
f4793.jpg,fog
f4794.jpg,fog
f4795.jpg,fog
f4796.jpg,fog
f4797.jpg,fog
f4798.jpg,fog
f4799.jpg,fog
f4800.jpg,fog
f4801.jpg,fog
f4802.jpg,fog
f4803.jpg,fog
f4804.jpg,fog
f4805.jpg,fog
f4806.jpg,fog
f4807.jpg,fog
f4808.jpg,fog
f4809.jpg,fog
f4810.jpg,fog
f4811.jpg,fog
f4812.jpg,fog
f4813.jpg,fog
f4814.jpg,fog
f4815.jpg,fog
f4816.jpg,fog
f4817.jpg,fog
f4818.jpg,fog
f4819.jpg,fog
f4820.jpg,fog
f4821.jpg,fog
f4822.jpg,fog
f4823.jpg,fog
f4824.jpg,fog
f4825.jpg,fog
f4826.jpg,fog
f4827.jpg,fog
f4828.jpg,fog
f4829.jpg,fog
f4830.jpg,fog
f4831.jpg,fog
f4832.jpg,fog
f4833.jpg,fog
f4834.jpg,fog
f4835.jpg,fog
f4836.jpg,fog
f4837.jpg,fog
f4838.jpg,fog
f4839.jpg,fog
f4840.jpg,fog
f4841.jpg,fog
f4842.jpg,fog
f4843.jpg,fog
f4844.jpg,fog
f4845.jpg,fog
f4846.jpg,fog
f4847.jpg,fog
f4848.jpg,fog
f4849.jpg,fog
f4850.jpg,fog
f4851.jpg,fog
f4852.jpg,fog
f4853.jpg,fog
f4854.jpg,fog
f4855.jpg,fog
f4856.jpg,fog
f4857.jpg,fog
f4858.jpg,fog
f4859.jpg,fog
f4860.jpg,fog
f4861.jpg,fog
f4862.jpg,fog
f4863.jpg,fog
f4864.jpg,fog
f4865.jpg,fog
f4866.jpg,fog
f4867.jpg,fog
f4868.jpg,fog
f4869.jpg,fog
f4870.jpg,fog
f4871.jpg,fog
f4872.jpg,fog
f4873.jpg,fog
f4874.jpg,fog
f4875.jpg,fog
f4876.jpg,fog
f4877.jpg,fog
f4878.jpg,fog
f4879.jpg,fog
f4880.jpg,fog
f4881.jpg,fog
f4882.jpg,fog
f4883.jpg,fog
f4884.jpg,fog
f4885.jpg,fog
f4886.jpg,fog
f4887.jpg,fog
f4888.jpg,fog
f4889.jpg,fog
f4890.jpg,fog
f4891.jpg,fog
f4892.jpg,fog
f4893.jpg,fog
f4894.jpg,fog
f4895.jpg,fog
f4896.jpg,fog
f4897.jpg,fog
f4898.jpg,fog
f4899.jpg,fog
f4900.jpg,fog
f4901.jpg,fog
f4902.jpg,fog
f4903.jpg,fog
f4904.jpg,fog
f4905.jpg,fog
f4906.jpg,fog
f4907.jpg,fog
f4908.jpg,fog
f4909.jpg,fog
f4910.jpg,fog
f4911.jpg,fog
f4912.jpg,fog
f4913.jpg,fog
f4914.jpg,fog
f4915.jpg,fog
f4916.jpg,fog
f4917.jpg,fog
f4918.jpg,fog
f4919.jpg,fog
f4920.jpg,fog
f4921.jpg,fog
f4922.jpg,fog
f4923.jpg,fog
f4924.jpg,fog
f4925.jpg,fog
f4926.jpg,fog
f4927.jpg,fog
f4928.jpg,fog
f4929.jpg,fog
s4930.jpg,snow
s4931.jpg,snow
s4932.jpg,snow
s4933.jpg,snow
s4934.jpg,snow
s4935.jpg,snow
s4936.jpg,snow
s4937.jpg,snow
s4938.jpg,snow
s4939.jpg,snow
s4940.jpg,snow
s4941.jpg,snow
s4942.jpg,snow
s4943.jpg,snow
s4944.jpg,snow
s4945.jpg,snow
s4946.jpg,snow
s4947.jpg,snow
s4948.jpg,snow
s4949.jpg,snow
s4950.jpg,snow
s4951.jpg,snow
s4952.jpg,snow
s4953.jpg,snow
s4954.jpg,snow
s4955.jpg,snow
s4956.jpg,snow
s4957.jpg,snow
s4958.jpg,snow
s4959.jpg,snow
s4960.jpg,snow
s4961.jpg,snow
s4962.jpg,snow
s4963.jpg,snow
s4964.jpg,snow
s4965.jpg,snow
s4966.jpg,snow
s4967.jpg,snow
s4968.jpg,snow
s4969.jpg,snow
s4970.jpg,snow
s4971.jpg,snow
s4972.jpg,snow
s4973.jpg,snow
s4974.jpg,snow
s4975.jpg,snow
s4976.jpg,snow
s4977.jpg,snow
s4978.jpg,snow
s4979.jpg,snow
s4980.jpg,snow
s4981.jpg,snow
s4982.jpg,snow
s4983.jpg,snow
s4984.jpg,snow
s4985.jpg,snow
s4986.jpg,snow
s4987.jpg,snow
s4988.jpg,snow
s4989.jpg,snow
s4990.jpg,snow
s4991.jpg,snow
s4992.jpg,snow
s4993.jpg,snow
s4994.jpg,snow
s4995.jpg,snow
s4996.jpg,snow
s4997.jpg,snow
s4998.jpg,snow
s4999.jpg,snow
s5000.jpg,snow
s5001.jpg,snow
s5002.jpg,snow
s5003.jpg,snow
s5004.jpg,snow
s5005.jpg,snow
s5006.jpg,snow
s5007.jpg,snow
s5008.jpg,snow
s5009.jpg,snow
s5010.jpg,snow
s5011.jpg,snow
s5012.jpg,snow
s5013.jpg,snow
s5014.jpg,snow
s5015.jpg,snow
s5016.jpg,snow
s5017.jpg,snow
s5018.jpg,snow
s5019.jpg,snow
s5020.jpg,snow
s5021.jpg,snow
s5022.jpg,snow
s5023.jpg,snow
s5024.jpg,snow
s5025.jpg,snow
s5026.jpg,snow
s5027.jpg,snow
s5028.jpg,snow
s5029.jpg,snow
s5030.jpg,snow
s5031.jpg,snow
s5032.jpg,snow
s5033.jpg,snow
s5034.jpg,snow
s5035.jpg,snow
s5036.jpg,snow
s5037.jpg,snow
s5038.jpg,snow
s5039.jpg,snow
s5040.jpg,snow
s5041.jpg,snow
s5042.jpg,snow
s5043.jpg,snow
s5044.jpg,snow
s5045.jpg,snow
s5046.jpg,snow
s5047.jpg,snow
s5048.jpg,snow
s5049.jpg,snow
s5050.jpg,snow
s5051.jpg,snow
s5052.jpg,snow
s5053.jpg,snow
s5054.jpg,snow
s5055.jpg,snow
s5056.jpg,snow
s5057.jpg,snow
s5058.jpg,snow
s5059.jpg,snow
s5060.jpg,snow
s5061.jpg,snow
s5062.jpg,snow
s5063.jpg,snow
s5064.jpg,snow
s5065.jpg,snow
s5066.jpg,snow
s5067.jpg,snow
s5068.jpg,snow
s5069.jpg,snow
s5070.jpg,snow
s5071.jpg,snow
s5072.jpg,snow
s5073.jpg,snow
s5074.jpg,snow
s5075.jpg,snow
s5076.jpg,snow
s5077.jpg,snow
s5078.jpg,snow
s5079.jpg,snow
s5080.jpg,snow
s5081.jpg,snow
s5082.jpg,snow
s5083.jpg,snow
s5084.jpg,snow
s5085.jpg,snow
s5086.jpg,snow
s5087.jpg,snow
s5088.jpg,snow
s5089.jpg,snow
s5090.jpg,snow
s5091.jpg,snow
s5092.jpg,snow
s5093.jpg,snow
s5094.jpg,snow
s5095.jpg,snow
s5096.jpg,snow
s5097.jpg,snow
s5098.jpg,snow
s5099.jpg,snow
s5100.jpg,snow
s5101.jpg,snow
s5102.jpg,snow
s5103.jpg,snow
s5104.jpg,snow
s5105.jpg,snow
s5106.jpg,snow
s5107.jpg,snow
s5108.jpg,snow
s5109.jpg,snow
s5110.jpg,snow
s5111.jpg,snow
s5112.jpg,snow
s5113.jpg,snow
s5114.jpg,snow
s5115.jpg,snow
s5116.jpg,snow
s5117.jpg,snow
s5118.jpg,snow
s5119.jpg,snow
s5120.jpg,snow
s5121.jpg,snow
s5122.jpg,snow
s5123.jpg,snow
s5124.jpg,snow
s5125.jpg,snow
s5126.jpg,snow
s5127.jpg,snow
s5128.jpg,snow
s5129.jpg,snow
s5130.jpg,snow
s5131.jpg,snow
s5132.jpg,snow
s5133.jpg,snow
s5134.jpg,snow
s5135.jpg,snow
s5136.jpg,snow
s5137.jpg,snow
s5138.jpg,snow
s5139.jpg,snow
s5140.jpg,snow
s5141.jpg,snow
s5142.jpg,snow
s5143.jpg,snow
s5144.jpg,snow
s5145.jpg,snow
s5146.jpg,snow
s5147.jpg,snow
s5148.jpg,snow
s5149.jpg,snow
s5150.jpg,snow
s5151.jpg,snow
s5152.jpg,snow
s5153.jpg,snow
s5154.jpg,snow
s5155.jpg,snow
s5156.jpg,snow
s5157.jpg,snow
s5158.jpg,snow
s5159.jpg,snow
s5160.jpg,snow
s5161.jpg,snow
s5162.jpg,snow
s5163.jpg,snow
s5164.jpg,snow
s5165.jpg,snow
s5166.jpg,snow
s5167.jpg,snow
s5168.jpg,snow
s5169.jpg,snow
s5170.jpg,snow
s5171.jpg,snow
s5172.jpg,snow
s5173.jpg,snow
s5174.jpg,snow
s5175.jpg,snow
s5176.jpg,snow
s5177.jpg,snow
s5178.jpg,snow
s5179.jpg,snow
s5180.jpg,snow
s5181.jpg,snow
s5182.jpg,snow
s5183.jpg,snow
s5184.jpg,snow
s5185.jpg,snow
s5186.jpg,snow
s5187.jpg,snow
s5188.jpg,snow
s5189.jpg,snow
s5190.jpg,snow
s5191.jpg,snow
s5192.jpg,snow
s5193.jpg,snow
s5194.jpg,snow
s5195.jpg,snow
s5196.jpg,snow
s5197.jpg,snow
s5198.jpg,snow
s5199.jpg,snow
s5200.jpg,snow
s5201.jpg,snow
s5202.jpg,snow
s5203.jpg,snow
s5204.jpg,snow
s5205.jpg,snow
s5206.jpg,snow
s5207.jpg,snow
s5208.jpg,snow
s5209.jpg,snow
s5210.jpg,snow
s5211.jpg,snow
s5212.jpg,snow
s5213.jpg,snow
s5214.jpg,snow
s5215.jpg,snow
s5216.jpg,snow
s5217.jpg,snow
s5218.jpg,snow
s5219.jpg,snow
s5220.jpg,snow
s5221.jpg,snow
s5222.jpg,snow
s5223.jpg,snow
s5224.jpg,snow
s5225.jpg,snow
s5226.jpg,snow
s5227.jpg,snow
s5228.jpg,snow
s5229.jpg,snow
s5230.jpg,snow
s5231.jpg,snow
s5232.jpg,snow
s5233.jpg,snow
s5234.jpg,snow
s5235.jpg,snow
s5236.jpg,snow
s5237.jpg,snow
s5238.jpg,snow
s5239.jpg,snow
s5240.jpg,snow
s5241.jpg,snow
s5242.jpg,snow
s5243.jpg,snow
s5244.jpg,snow
s5245.jpg,snow
s5246.jpg,snow
s5247.jpg,snow
s5248.jpg,snow
s5249.jpg,snow
s5250.jpg,snow
s5251.jpg,snow
s5252.jpg,snow
s5253.jpg,snow
s5254.jpg,snow
s5255.jpg,snow
s5256.jpg,snow
s5257.jpg,snow
s5258.jpg,snow
s5259.jpg,snow
s5260.jpg,snow
s5261.jpg,snow
s5262.jpg,snow
s5263.jpg,snow
s5264.jpg,snow
s5265.jpg,snow
s5266.jpg,snow
s5267.jpg,snow
s5268.jpg,snow
s5269.jpg,snow
s5270.jpg,snow
s5271.jpg,snow
s5272.jpg,snow
s5273.jpg,snow
s5274.jpg,snow
s5275.jpg,snow
s5276.jpg,snow
s5277.jpg,snow
s5278.jpg,snow
s5279.jpg,snow
s5280.jpg,snow
s5281.jpg,snow
s5282.jpg,snow
s5283.jpg,snow
s5284.jpg,snow
s5285.jpg,snow
s5286.jpg,snow
s5287.jpg,snow
s5288.jpg,snow
s5289.jpg,snow
s5290.jpg,snow
s5291.jpg,snow
s5292.jpg,snow
s5293.jpg,snow
s5294.jpg,snow
s5295.jpg,snow
s5296.jpg,snow
s5297.jpg,snow
s5298.jpg,snow
s5299.jpg,snow
s5300.jpg,snow
s5301.jpg,snow
s5302.jpg,snow
s5303.jpg,snow
s5304.jpg,snow
s5305.jpg,snow
s5306.jpg,snow
s5307.jpg,snow
s5308.jpg,snow
s5309.jpg,snow
s5310.jpg,snow
s5311.jpg,snow
s5312.jpg,snow
s5313.jpg,snow
s5314.jpg,snow
s5315.jpg,snow
s5316.jpg,snow
s5317.jpg,snow
s5318.jpg,snow
s5319.jpg,snow
s5320.jpg,snow
s5321.jpg,snow
s5322.jpg,snow
s5323.jpg,snow
s5324.jpg,snow
s5325.jpg,snow
s5326.jpg,snow
s5327.jpg,snow
s5328.jpg,snow
s5329.jpg,snow
s5330.jpg,snow
s5331.jpg,snow
s5332.jpg,snow
s5333.jpg,snow
s5334.jpg,snow
s5335.jpg,snow
s5336.jpg,snow
s5337.jpg,snow
s5338.jpg,snow
s5339.jpg,snow
s5340.jpg,snow
s5341.jpg,snow
s5342.jpg,snow
s5343.jpg,snow
s5344.jpg,snow
s5345.jpg,snow
s5346.jpg,snow
s5347.jpg,snow
s5348.jpg,snow
s5349.jpg,snow
s5350.jpg,snow
s5351.jpg,snow
s5352.jpg,snow
s5353.jpg,snow
s5354.jpg,snow
s5355.jpg,snow
s5356.jpg,snow
s5357.jpg,snow
s5358.jpg,snow
s5359.jpg,snow
s5360.jpg,snow
s5361.jpg,snow
s5362.jpg,snow
s5363.jpg,snow
s5364.jpg,snow
s5365.jpg,snow
s5366.jpg,snow
s5367.jpg,snow
s5368.jpg,snow
s5369.jpg,snow
s5370.jpg,snow
s5371.jpg,snow
s5372.jpg,snow
s5373.jpg,snow
s5374.jpg,snow
s5375.jpg,snow
s5376.jpg,snow
s5377.jpg,snow
s5378.jpg,snow
s5379.jpg,snow
s5380.jpg,snow
s5381.jpg,snow
s5382.jpg,snow
s5383.jpg,snow
s5384.jpg,snow
s5385.jpg,snow
s5386.jpg,snow
s5387.jpg,snow
s5388.jpg,snow
s5389.jpg,snow
s5390.jpg,snow
s5391.jpg,snow
s5392.jpg,snow
s5393.jpg,snow
s5394.jpg,snow
s5395.jpg,snow
s5396.jpg,snow
s5397.jpg,snow
s5398.jpg,snow
s5399.jpg,snow
s5400.jpg,snow
s5401.jpg,snow
s5402.jpg,snow
s5403.jpg,snow
s5404.jpg,snow
s5405.jpg,snow
s5406.jpg,snow
s5407.jpg,snow
s5408.jpg,snow
s5409.jpg,snow
s5410.jpg,snow
s5411.jpg,snow
s5412.jpg,snow
s5413.jpg,snow
s5414.jpg,snow
s5415.jpg,snow
s5416.jpg,snow
s5417.jpg,snow
s5418.jpg,snow
s5419.jpg,snow
s5420.jpg,snow
s5421.jpg,snow
s5422.jpg,snow
s5423.jpg,snow
s5424.jpg,snow
s5425.jpg,snow
s5426.jpg,snow
s5427.jpg,snow
s5428.jpg,snow
s5429.jpg,snow
s5430.jpg,snow
s5431.jpg,snow
s5432.jpg,snow
s5433.jpg,snow
s5434.jpg,snow
s5435.jpg,snow
s5436.jpg,snow
s5437.jpg,snow
s5438.jpg,snow
s5439.jpg,snow
s5440.jpg,snow
s5441.jpg,snow
s5442.jpg,snow
s5443.jpg,snow
s5444.jpg,snow
s5445.jpg,snow
s5446.jpg,snow
s5447.jpg,snow
s5448.jpg,snow
s5449.jpg,snow
s5450.jpg,snow
s5451.jpg,snow
s5452.jpg,snow
s5453.jpg,snow
s5454.jpg,snow
s5455.jpg,snow
s5456.jpg,snow
s5457.jpg,snow
s5458.jpg,snow
s5459.jpg,snow
s5460.jpg,snow
s5461.jpg,snow
s5462.jpg,snow
s5463.jpg,snow
s5464.jpg,snow
s5465.jpg,snow
s5466.jpg,snow
s5467.jpg,snow
s5468.jpg,snow
s5469.jpg,snow
s5470.jpg,snow
s5471.jpg,snow
s5472.jpg,snow
s5473.jpg,snow
s5474.jpg,snow
s5475.jpg,snow
s5476.jpg,snow
s5477.jpg,snow
s5478.jpg,snow
s5479.jpg,snow
s5480.jpg,snow
s5481.jpg,snow
s5482.jpg,snow
s5483.jpg,snow
s5484.jpg,snow
s5485.jpg,snow
s5486.jpg,snow
s5487.jpg,snow
s5488.jpg,snow
s5489.jpg,snow
s5490.jpg,snow
s5491.jpg,snow
s5492.jpg,snow
s5493.jpg,snow
s5494.jpg,snow
s5495.jpg,snow
s5496.jpg,snow
s5497.jpg,snow
s5498.jpg,snow
s5499.jpg,snow
s5500.jpg,snow
s5501.jpg,snow
s5502.jpg,snow
s5503.jpg,snow
s5504.jpg,snow
s5505.jpg,snow
s5506.jpg,snow
s5507.jpg,snow
s5508.jpg,snow
s5509.jpg,snow
s5510.jpg,snow
s5511.jpg,snow
s5512.jpg,snow
s5513.jpg,snow
s5514.jpg,snow
s5515.jpg,snow
s5516.jpg,snow
s5517.jpg,snow
s5518.jpg,snow
s5519.jpg,snow
s5520.jpg,snow
s5521.jpg,snow
s5522.jpg,snow
s5523.jpg,snow
s5524.jpg,snow
s5525.jpg,snow
s5526.jpg,snow
s5527.jpg,snow
s5528.jpg,snow
s5529.jpg,snow
s5530.jpg,snow
s5531.jpg,snow
s5532.jpg,snow
s5533.jpg,snow
s5534.jpg,snow
s5535.jpg,snow
s5536.jpg,snow
s5537.jpg,snow
s5538.jpg,snow
s5539.jpg,snow
s5540.jpg,snow
s5541.jpg,snow
s5542.jpg,snow
s5543.jpg,snow
s5544.jpg,snow
s5545.jpg,snow
s5546.jpg,snow
s5547.jpg,snow
s5548.jpg,snow
s5549.jpg,snow
s5550.jpg,snow
s5551.jpg,snow
s5552.jpg,snow
s5553.jpg,snow
s5554.jpg,snow
s5555.jpg,snow
s5556.jpg,snow
s5557.jpg,snow
s5558.jpg,snow
s5559.jpg,snow
s5560.jpg,snow
s5561.jpg,snow
s5562.jpg,snow
s5563.jpg,snow
s5564.jpg,snow
s5565.jpg,snow
s5566.jpg,snow
s5567.jpg,snow
s5568.jpg,snow
s5569.jpg,snow
s5570.jpg,snow
s5571.jpg,snow
s5572.jpg,snow
s5573.jpg,snow
s5574.jpg,snow
s5575.jpg,snow
s5576.jpg,snow
s5577.jpg,snow
s5578.jpg,snow
s5579.jpg,snow
s5580.jpg,snow
s5581.jpg,snow
s5582.jpg,snow
s5583.jpg,snow
s5584.jpg,snow
s5585.jpg,snow
s5586.jpg,snow
s5587.jpg,snow
s5588.jpg,snow
s5589.jpg,snow
s5590.jpg,snow
s5591.jpg,snow
s5592.jpg,snow
s5593.jpg,snow
s5594.jpg,snow
s5595.jpg,snow
s5596.jpg,snow
s5597.jpg,snow
s5598.jpg,snow
s5599.jpg,snow
s5600.jpg,snow
s5601.jpg,snow
s5602.jpg,snow
s5603.jpg,snow
s5604.jpg,snow
s5605.jpg,snow
s5606.jpg,snow
s5607.jpg,snow
s5608.jpg,snow
s5609.jpg,snow
s5610.jpg,snow
s5611.jpg,snow
s5612.jpg,snow
s5613.jpg,snow
s5614.jpg,snow
s5615.jpg,snow
s5616.jpg,snow
s5617.jpg,snow
s5618.jpg,snow
s5619.jpg,snow
s5620.jpg,snow
s5621.jpg,snow
s5622.jpg,snow
s5623.jpg,snow
s5624.jpg,snow
s5625.jpg,snow
s5626.jpg,snow
s5627.jpg,snow
s5628.jpg,snow
s5629.jpg,snow
s5630.jpg,snow
s5631.jpg,snow
s5632.jpg,snow
s5633.jpg,snow
s5634.jpg,snow
s5635.jpg,snow
s5636.jpg,snow
s5637.jpg,snow
s5638.jpg,snow
s5639.jpg,snow
s5640.jpg,snow
s5641.jpg,snow
s5642.jpg,snow
s5643.jpg,snow
s5644.jpg,snow
s5645.jpg,snow
s5646.jpg,snow
s5647.jpg,snow
s5648.jpg,snow
s5649.jpg,snow
s5650.jpg,snow
s5651.jpg,snow
s5652.jpg,snow
s5653.jpg,snow
s5654.jpg,snow
s5655.jpg,snow
s5656.jpg,snow
s5657.jpg,snow
s5658.jpg,snow
s5659.jpg,snow
s5660.jpg,snow
s5661.jpg,snow
s5662.jpg,snow
s5663.jpg,snow
s5664.jpg,snow
s5665.jpg,snow
s5666.jpg,snow
s5667.jpg,snow
s5668.jpg,snow
s5669.jpg,snow
s5670.jpg,snow
s5671.jpg,snow
s5672.jpg,snow
s5673.jpg,snow
s5674.jpg,snow
s5675.jpg,snow
s5676.jpg,snow
s5677.jpg,snow
s5678.jpg,snow
s5679.jpg,snow
s5680.jpg,snow
s5681.jpg,snow
s5682.jpg,snow
s5683.jpg,snow
s5684.jpg,snow
s5685.jpg,snow
s5686.jpg,snow
s5687.jpg,snow
s5688.jpg,snow
s5689.jpg,snow
s5690.jpg,snow
s5691.jpg,snow
s5692.jpg,snow
s5693.jpg,snow
s5694.jpg,snow
s5695.jpg,snow
s5696.jpg,snow
s5697.jpg,snow
s5698.jpg,snow
s5699.jpg,snow
s5700.jpg,snow
s5701.jpg,snow
s5702.jpg,snow
s5703.jpg,snow
s5704.jpg,snow
s5705.jpg,snow
s5706.jpg,snow
s5707.jpg,snow
s5708.jpg,snow
s5709.jpg,snow
s5710.jpg,snow
s5711.jpg,snow
s5712.jpg,snow
s5713.jpg,snow
s5714.jpg,snow
s5715.jpg,snow
s5716.jpg,snow
s5717.jpg,snow
s5718.jpg,snow
s5719.jpg,snow
s5720.jpg,snow
s5721.jpg,snow
s5722.jpg,snow
s5723.jpg,snow
s5724.jpg,snow
s5725.jpg,snow
s5726.jpg,snow
s5727.jpg,snow
s5728.jpg,snow
s5729.jpg,snow
s5730.jpg,snow
s5731.jpg,snow
s5732.jpg,snow
s5733.jpg,snow
s5734.jpg,snow
s5735.jpg,snow
s5736.jpg,snow
s5737.jpg,snow
s5738.jpg,snow
s5739.jpg,snow
s5740.jpg,snow
s5741.jpg,snow
s5742.jpg,snow
s5743.jpg,snow
s5744.jpg,snow
s5745.jpg,snow
s5746.jpg,snow
s5747.jpg,snow
s5748.jpg,snow
s5749.jpg,snow
s5750.jpg,snow
s5751.jpg,snow
s5752.jpg,snow
s5753.jpg,snow
s5754.jpg,snow
s5755.jpg,snow
s5756.jpg,snow
s5757.jpg,snow
s5758.jpg,snow
s5759.jpg,snow
s5760.jpg,snow
s5761.jpg,snow
s5762.jpg,snow
s5763.jpg,snow
s5764.jpg,snow
s5765.jpg,snow
s5766.jpg,snow
s5767.jpg,snow
s5768.jpg,snow
s5769.jpg,snow
s5770.jpg,snow
s5771.jpg,snow
s5772.jpg,snow
s5773.jpg,snow
s5774.jpg,snow
s5775.jpg,snow
s5776.jpg,snow
s5777.jpg,snow
s5778.jpg,snow
s5779.jpg,snow
s5780.jpg,snow
s5781.jpg,snow
s5782.jpg,snow
s5783.jpg,snow
s5784.jpg,snow
s5785.jpg,snow
s5786.jpg,snow
s5787.jpg,snow
s5788.jpg,snow
s5789.jpg,snow
s5790.jpg,snow
s5791.jpg,snow
s5792.jpg,snow
s5793.jpg,snow
s5794.jpg,snow
s5795.jpg,snow
s5796.jpg,snow
s5797.jpg,snow
s5798.jpg,snow
s5799.jpg,snow
s5800.jpg,snow
s5801.jpg,snow
s5802.jpg,snow
s5803.jpg,snow
s5804.jpg,snow
s5805.jpg,snow
s5806.jpg,snow
s5807.jpg,snow
s5808.jpg,snow
s5809.jpg,snow
s5810.jpg,snow
s5811.jpg,snow
s5812.jpg,snow
s5813.jpg,snow
s5814.jpg,snow
s5815.jpg,snow
s5816.jpg,snow
s5817.jpg,snow
s5818.jpg,snow
s5819.jpg,snow
s5820.jpg,snow
s5821.jpg,snow
s5822.jpg,snow
s5823.jpg,snow
s5824.jpg,snow
s5825.jpg,snow
s5826.jpg,snow
s5827.jpg,snow
s5828.jpg,snow
s5829.jpg,snow
s5830.jpg,snow
s5831.jpg,snow
s5832.jpg,snow
s5833.jpg,snow
s5834.jpg,snow
s5835.jpg,snow
s5836.jpg,snow
s5837.jpg,snow
s5838.jpg,snow
s5839.jpg,snow
s5840.jpg,snow
s5841.jpg,snow
s5842.jpg,snow
s5843.jpg,snow
s5844.jpg,snow
s5845.jpg,snow
s5846.jpg,snow
s5847.jpg,snow
s5848.jpg,snow
s5849.jpg,snow
s5850.jpg,snow
s5851.jpg,snow
s5852.jpg,snow
s5853.jpg,snow
s5854.jpg,snow
s5855.jpg,snow
s5856.jpg,snow
s5857.jpg,snow
s5858.jpg,snow
s5859.jpg,snow
s5860.jpg,snow
s5861.jpg,snow
s5862.jpg,snow
s5863.jpg,snow
s5864.jpg,snow
s5865.jpg,snow
s5866.jpg,snow
s5867.jpg,snow
s5868.jpg,snow
s5869.jpg,snow
s5870.jpg,snow
s5871.jpg,snow
s5872.jpg,snow
s5873.jpg,snow
s5874.jpg,snow
s5875.jpg,snow
s5876.jpg,snow
s5877.jpg,snow
s5878.jpg,snow
s5879.jpg,snow
s5880.jpg,snow
s5881.jpg,snow
s5882.jpg,snow
s5883.jpg,snow
s5884.jpg,snow
s5885.jpg,snow
s5886.jpg,snow
s5887.jpg,snow
s5888.jpg,snow
s5889.jpg,snow
s5890.jpg,snow
s5891.jpg,snow
s5892.jpg,snow
s5893.jpg,snow
s5894.jpg,snow
s5895.jpg,snow
s5896.jpg,snow
s5897.jpg,snow
s5898.jpg,snow
s5899.jpg,snow
s5900.jpg,snow
s5901.jpg,snow
s5902.jpg,snow
s5903.jpg,snow
s5904.jpg,snow
s5905.jpg,snow
s5906.jpg,snow
s5907.jpg,snow
s5908.jpg,snow
s5909.jpg,snow
s5910.jpg,snow
s5911.jpg,snow
s5912.jpg,snow
s5913.jpg,snow
s5914.jpg,snow
s5915.jpg,snow
s5916.jpg,snow
s5917.jpg,snow
s5918.jpg,snow
s5919.jpg,snow
s5920.jpg,snow
s5921.jpg,snow
s5922.jpg,snow
s5923.jpg,snow
s5924.jpg,snow
s5925.jpg,snow
s5926.jpg,snow
s5927.jpg,snow
s5928.jpg,snow
s5929.jpg,snow
s5930.jpg,snow
s5931.jpg,snow
s5932.jpg,snow
s5933.jpg,snow
s5934.jpg,snow
s5935.jpg,snow
s5936.jpg,snow
s5937.jpg,snow
s5938.jpg,snow
s5939.jpg,snow
s5940.jpg,snow
s5941.jpg,snow
s5942.jpg,snow
s5943.jpg,snow
s5944.jpg,snow
s5945.jpg,snow
s5946.jpg,snow
s5947.jpg,snow
s5948.jpg,snow
s5949.jpg,snow
s5950.jpg,snow
s5951.jpg,snow
s5952.jpg,snow
s5953.jpg,snow
s5954.jpg,snow
s5955.jpg,snow
s5956.jpg,snow
s5957.jpg,snow
s5958.jpg,snow
s5959.jpg,snow
s5960.jpg,snow
s5961.jpg,snow
s5962.jpg,snow
s5963.jpg,snow
s5964.jpg,snow
s5965.jpg,snow
s5966.jpg,snow
s5967.jpg,snow
s5968.jpg,snow
s5969.jpg,snow
s5970.jpg,snow
s5971.jpg,snow
s5972.jpg,snow
s5973.jpg,snow
s5974.jpg,snow
s5975.jpg,snow
s5976.jpg,snow
s5977.jpg,snow
s5978.jpg,snow
s5979.jpg,snow
s5980.jpg,snow
s5981.jpg,snow
s5982.jpg,snow
s5983.jpg,snow
s5984.jpg,snow
s5985.jpg,snow
s5986.jpg,snow
s5987.jpg,snow
s5988.jpg,snow
s5989.jpg,snow
s5990.jpg,snow
s5991.jpg,snow
s5992.jpg,snow
s5993.jpg,snow
s5994.jpg,snow
s5995.jpg,snow
s5996.jpg,snow
s5997.jpg,snow
s5998.jpg,snow
s5999.jpg,snow
s6000.jpg,snow
s6001.jpg,snow
s6002.jpg,snow
s6003.jpg,snow
s6004.jpg,snow
s6005.jpg,snow
s6006.jpg,snow
s6007.jpg,snow
s6008.jpg,snow
s6009.jpg,snow
s6010.jpg,snow
s6011.jpg,snow
s6012.jpg,snow
s6013.jpg,snow
s6014.jpg,snow
s6015.jpg,snow
s6016.jpg,snow
s6017.jpg,snow
s6018.jpg,snow
s6019.jpg,snow
s6020.jpg,snow
s6021.jpg,snow
s6022.jpg,snow
s6023.jpg,snow
s6024.jpg,snow
s6025.jpg,snow
s6026.jpg,snow
s6027.jpg,snow
s6028.jpg,snow
s6029.jpg,snow
s6030.jpg,snow
s6031.jpg,snow
s6032.jpg,snow
s6033.jpg,snow
s6034.jpg,snow
s6035.jpg,snow
s6036.jpg,snow
s6037.jpg,snow
s6038.jpg,snow
s6039.jpg,snow
s6040.jpg,snow
s6041.jpg,snow
s6042.jpg,snow
s6043.jpg,snow
s6044.jpg,snow
s6045.jpg,snow
s6046.jpg,snow
s6047.jpg,snow
s6048.jpg,snow
s6049.jpg,snow
s6050.jpg,snow
s6051.jpg,snow
s6052.jpg,snow
s6053.jpg,snow
s6054.jpg,snow
s6055.jpg,snow
s6056.jpg,snow
s6057.jpg,snow
s6058.jpg,snow
s6059.jpg,snow
s6060.jpg,snow
s6061.jpg,snow
s6062.jpg,snow
s6063.jpg,snow
s6064.jpg,snow
s6065.jpg,snow
s6066.jpg,snow
s6067.jpg,snow
s6068.jpg,snow
s6069.jpg,snow
s6070.jpg,snow
s6071.jpg,snow
s6072.jpg,snow
s6073.jpg,snow
s6074.jpg,snow
s6075.jpg,snow
s6076.jpg,snow
s6077.jpg,snow
s6078.jpg,snow
s6079.jpg,snow
s6080.jpg,snow
s6081.jpg,snow
s6082.jpg,snow
s6083.jpg,snow
s6084.jpg,snow
s6085.jpg,snow
s6086.jpg,snow
s6087.jpg,snow
s6088.jpg,snow
s6089.jpg,snow
